Purchase ID,Location,Product ID,Order Date,Delivery Date,Order Quantity,Stock Balance,Stock Value
P100001,Apsis,P035,6/1/2024,6/12/2024,449,0,0
P100002,Apsis,P028,6/1/2024,6/17/2024,385,0,0
P100003,Apsis,P031,6/1/2024,6/13/2024,154,0,0
P100004,Apsis,P019,6/1/2024,7/3/2024,201,0,0
P100005,Apsis,P007,6/1/2024,6/23/2024,501,0,0
P100006,Apsis,P020,6/2/2024,7/4/2024,153,0,0
P100007,Apsis,P021,6/2/2024,6/19/2024,388,0,0
P100008,Apsis,P059,6/2/2024,6/13/2024,554,0,0
P100009,Basalt,P059,6/3/2024,6/18/2024,193,0,0
P100010,Apsis,P038,6/3/2024,6/28/2024,609,0,0
P100011,Ceres,P059,6/3/2024,7/6/2024,203,0,0
P100012,Apsis,P014,6/4/2024,6/15/2024,655,0,0
P100013,Apsis,P022,6/4/2024,7/4/2024,337,0,0
P100014,Basalt,P019,6/4/2024,6/22/2024,369,0,0
P100015,Apsis,P066,6/5/2024,6/20/2024,532,0,0
P100016,Apsis,P032,6/5/2024,7/5/2024,456,0,0
P100017,Apsis,P018,6/7/2024,6/21/2024,211,0,0
P100018,Basalt,P022,6/7/2024,6/30/2024,628,0,0
P100019,Apsis,P033,6/7/2024,6/17/2024,531,0,0
P100020,Apsis,P002,6/7/2024,7/7/2024,620,0,0
P100021,Apsis,P070,6/7/2024,6/17/2024,674,0,0
P100022,Apsis,P006,6/8/2024,6/25/2024,231,0,0
P100023,Apsis,P011,6/8/2024,6/30/2024,234,0,0
P100024,Apsis,P062,6/10/2024,6/22/2024,566,0,0
P100025,Apsis,P010,6/10/2024,6/30/2024,562,0,0
P100026,Apsis,P055,6/10/2024,7/6/2024,207,0,0
P100027,Apsis,P053,6/10/2024,7/3/2024,447,0,0
P100028,Apsis,P029,6/11/2024,6/27/2024,194,0,0
P100029,Apsis,P036,6/11/2024,6/26/2024,291,0,0
P100030,Apsis,P067,6/11/2024,6/28/2024,284,0,0
P100031,Apsis,P068,6/11/2024,7/17/2024,461,0,0
P100032,Apsis,P003,6/11/2024,7/6/2024,651,0,0
P100033,Apsis,P044,6/12/2024,6/23/2024,640,0,0
P100034,Basalt,P010,6/12/2024,7/16/2024,423,0,0
P100035,Basalt,P036,6/12/2024,6/27/2024,536,0,0
P100036,Apsis,P043,6/12/2024,6/25/2024,220,0,0
P100037,Basalt,P055,6/14/2024,6/26/2024,202,0,0
P100038,Apsis,P037,6/14/2024,7/2/2024,676,0,0
P100039,Basalt,P070,6/14/2024,7/15/2024,416,0,0
P100040,Apsis,P008,6/15/2024,7/18/2024,637,0,0
P100041,Apsis,P059,6/15/2024,6/28/2024,214,0,0
P100042,Apsis,P064,6/16/2024,7/23/2024,225,0,0
P100043,Ceres,P019,6/16/2024,7/15/2024,227,0,0
P100044,Apsis,P040,6/16/2024,7/5/2024,644,0,0
P100045,Apsis,P039,6/17/2024,7/9/2024,590,0,0
P100046,Apsis,P056,6/17/2024,7/11/2024,295,0,0
P100047,Basalt,P053,6/17/2024,7/5/2024,672,0,0
P100048,Basalt,P008,6/17/2024,7/7/2024,552,0,0
P100049,Apsis,P019,6/17/2024,7/14/2024,657,0,0
P100050,Basalt,P056,6/17/2024,6/28/2024,401,0,0
P100051,Basalt,P002,6/18/2024,7/13/2024,331,0,0
P100052,Ceres,P036,6/19/2024,7/21/2024,582,0,0
P100053,Basalt,P068,6/19/2024,7/14/2024,583,0,0
P100054,Apsis,P049,6/20/2024,7/19/2024,218,0,0
P100055,Basalt,P066,6/20/2024,6/30/2024,370,0,0
P100056,Apsis,P001,6/20/2024,7/11/2024,311,0,0
P100057,Apsis,P005,6/20/2024,7/26/2024,232,0,0
P100058,Apsis,P057,6/20/2024,7/18/2024,407,0,0
P100059,Apsis,P024,6/20/2024,7/5/2024,346,0,0
P100060,Apsis,P004,6/20/2024,7/9/2024,677,0,0
P100061,Ceres,P053,6/21/2024,7/17/2024,292,0,0
P100062,Apsis,P030,6/21/2024,7/9/2024,212,0,0
P100063,Ceres,P056,6/21/2024,7/24/2024,320,0,0
P100064,Apsis,P061,6/21/2024,7/26/2024,552,0,0
P100065,Basalt,P049,6/21/2024,7/17/2024,286,0,0
P100066,Ceres,P066,6/22/2024,7/21/2024,250,0,0
P100067,Apsis,P015,6/22/2024,7/26/2024,262,0,0
P100068,Apsis,P023,6/22/2024,7/21/2024,208,0,0
P100069,Apsis,P046,6/23/2024,7/14/2024,381,0,0
P100070,Apsis,P050,6/23/2024,7/7/2024,375,0,0
P100071,Ceres,P068,6/24/2024,7/26/2024,549,0,0
P100072,Basalt,P005,6/24/2024,7/9/2024,660,0,0
P100073,Apsis,P048,6/24/2024,7/26/2024,367,0,0
P100074,Basalt,P018,6/27/2024,7/19/2024,380,0,0
P100075,Apsis,P060,6/27/2024,7/26/2024,642,0,0
P100076,Apsis,P027,6/27/2024,7/12/2024,378,0,0
P100077,Basalt,P011,6/28/2024,7/14/2024,563,0,0
P100078,Basalt,P044,6/29/2024,7/28/2024,638,0,0
P100079,Apsis,P052,6/30/2024,8/2/2024,583,0,0
P100080,Basalt,P048,6/30/2024,8/8/2024,271,0,0
P100081,Basalt,P015,6/30/2024,7/20/2024,621,0,0
P100082,Apsis,P053,6/30/2024,7/21/2024,405,0,0
P100083,Ceres,P055,6/30/2024,7/19/2024,514,0,0
P100084,Apsis,P042,7/1/2024,7/26/2024,346,0,0
P100085,Ceres,P008,7/1/2024,7/16/2024,384,0,0
P100086,Apsis,P065,7/1/2024,7/19/2024,391,0,0
P100087,Apsis,P063,7/1/2024,8/11/2024,277,0,0
P100088,Basalt,P020,7/1/2024,8/11/2024,256,0,0
P100089,Ceres,P005,7/1/2024,8/3/2024,264,0,0
P100090,Basalt,P023,7/1/2024,8/1/2024,408,0,0
P100091,Basalt,P004,7/1/2024,7/28/2024,410,0,0
P100092,Ceres,P002,7/3/2024,8/7/2024,420,0,0
P100093,Basalt,P059,7/5/2024,8/14/2024,257,0,0
P100094,Basalt,P065,7/5/2024,8/12/2024,205,0,0
P100095,Apsis,P045,7/5/2024,8/10/2024,659,0,0
P100096,Basalt,P050,7/5/2024,7/27/2024,316,0,0
P100097,Basalt,P033,7/5/2024,8/7/2024,160,0,0
P100098,Ceres,P018,7/5/2024,8/8/2024,516,0,0
P100099,Ceres,P048,7/5/2024,8/3/2024,470,0,0
P100100,Apsis,P013,7/5/2024,8/1/2024,620,0,0
P100101,Basalt,P001,7/5/2024,8/11/2024,531,0,0
P100102,Apsis,P025,7/5/2024,7/27/2024,371,0,0
P100103,Basalt,P032,7/6/2024,7/25/2024,402,0,0
P100104,Basalt,P064,7/6/2024,8/2/2024,556,0,0
P100105,Ceres,P011,7/7/2024,8/1/2024,389,0,0
P100106,Ceres,P022,7/7/2024,8/4/2024,549,0,0
P100107,Basalt,P061,7/8/2024,8/2/2024,196,0,0
P100108,Basalt,P021,7/8/2024,8/4/2024,619,0,0
P100109,Ceres,P020,7/8/2024,8/12/2024,604,0,0
P100110,Basalt,P037,7/8/2024,8/12/2024,387,0,0
P100111,Ceres,P049,7/9/2024,8/13/2024,645,0,0
P100112,Apsis,P058,7/10/2024,8/10/2024,175,0,0
P100113,Apsis,P069,7/10/2024,8/13/2024,294,0,0
P100114,Basalt,P046,7/10/2024,7/23/2024,219,0,0
P100115,Ceres,P021,7/11/2024,8/18/2024,582,0,0
P100116,Basalt,P069,7/11/2024,8/9/2024,252,0,0
P100117,Basalt,P052,7/12/2024,7/23/2024,269,0,0
P100118,Basalt,P042,7/12/2024,8/17/2024,236,0,0
P100119,Basalt,P007,7/13/2024,8/2/2024,353,0,0
P100120,Basalt,P062,7/13/2024,8/20/2024,189,0,0
P100121,Apsis,P018,7/13/2024,8/22/2024,540,0,0
P100122,Basalt,P040,7/13/2024,7/25/2024,202,0,0
P100123,Apsis,P009,7/14/2024,8/15/2024,564,0,0
P100124,Basalt,P025,7/14/2024,7/28/2024,452,0,0
P100125,Ceres,P065,7/14/2024,8/13/2024,455,0,0
P100126,Basalt,P003,7/15/2024,8/22/2024,244,0,0
P100127,Basalt,P067,7/15/2024,8/23/2024,607,0,0
P100128,Apsis,P005,7/15/2024,8/19/2024,643,0,0
P100129,Apsis,P017,7/15/2024,8/2/2024,326,0,0
P100130,Basalt,P017,7/15/2024,7/26/2024,322,0,0
P100131,Apsis,P055,7/16/2024,8/21/2024,479,0,0
P100132,Apsis,P036,7/16/2024,7/28/2024,528,0,0
P100133,Ceres,P001,7/17/2024,8/25/2024,344,0,0
P100134,Basalt,P043,7/17/2024,8/8/2024,152,0,0
P100135,Basalt,P036,7/17/2024,8/27/2024,304,0,0
P100136,Apsis,P068,7/17/2024,8/16/2024,243,0,0
P100137,Apsis,P065,7/17/2024,8/11/2024,223,0,0
P100138,Ceres,P023,7/18/2024,8/4/2024,449,0,0
P100139,Ceres,P043,7/18/2024,8/17/2024,443,0,0
P100140,Ceres,P052,7/18/2024,8/7/2024,244,0,0
P100141,Apsis,P049,7/19/2024,8/22/2024,315,0,0
P100142,Ceres,P050,7/19/2024,8/7/2024,206,0,0
P100143,Ceres,P070,7/20/2024,8/19/2024,530,0,0
P100144,Ceres,P036,7/20/2024,8/2/2024,214,0,0
P100145,Apsis,P036,7/20/2024,8/17/2024,563,0,0
P100146,Basalt,P013,7/21/2024,8/31/2024,455,0,0
P100147,Apsis,P011,7/21/2024,8/13/2024,449,0,0
P100148,Apsis,P048,7/21/2024,8/31/2024,374,0,0
P100149,Apsis,P016,7/22/2024,8/11/2024,428,0,0
P100150,Apsis,P026,7/22/2024,8/19/2024,419,0,0
P100151,Ceres,P013,7/23/2024,8/17/2024,180,0,0
P100152,Ceres,P059,7/23/2024,8/19/2024,222,0,0
P100153,Basalt,P009,7/24/2024,8/7/2024,630,0,0
P100154,Basalt,P057,7/24/2024,8/22/2024,559,0,0
P100155,Apsis,P013,7/25/2024,8/29/2024,626,0,0
P100156,Basalt,P035,7/25/2024,8/22/2024,477,0,0
P100157,Apsis,P047,7/26/2024,9/4/2024,580,0,0
P100158,Ceres,P004,7/26/2024,8/28/2024,591,0,0
P100159,Ceres,P037,7/27/2024,8/26/2024,243,0,0
P100160,Ceres,P015,7/27/2024,8/28/2024,664,0,0
P100161,Basalt,P019,7/27/2024,8/19/2024,526,0,0
P100162,Ceres,P046,7/28/2024,8/19/2024,666,0,0
P100163,Apsis,P022,7/28/2024,8/10/2024,448,0,0
P100164,Ceres,P009,7/28/2024,9/7/2024,639,0,0
P100165,Apsis,P034,8/1/2024,8/18/2024,182,0,0
P100166,Basalt,P060,8/2/2024,8/18/2024,404,0,0
P100167,Ceres,P017,8/2/2024,8/18/2024,447,0,0
P100168,Ceres,P042,8/2/2024,8/17/2024,667,0,0
P100169,Apsis,P051,8/2/2024,8/19/2024,152,0,0
P100170,Apsis,P041,8/2/2024,8/30/2024,371,0,0
P100171,Apsis,P002,8/3/2024,8/31/2024,522,0,0
P100172,Apsis,P037,8/3/2024,8/14/2024,313,0,0
P100173,Basalt,P013,8/4/2024,8/20/2024,209,0,0
P100174,Basalt,P024,8/5/2024,8/23/2024,526,0,0
P100175,Apsis,P023,8/5/2024,9/6/2024,622,0,0
P100176,Apsis,P056,8/5/2024,8/22/2024,410,0,0
P100177,Basalt,P028,8/6/2024,9/4/2024,567,0,0
P100178,Ceres,P013,8/6/2024,9/4/2024,163,0,0
P100179,Ceres,P010,8/6/2024,8/20/2024,613,0,0
P100180,Basalt,P039,8/6/2024,9/7/2024,649,0,0
P100181,Apsis,P059,8/6/2024,9/1/2024,481,0,0
P100182,Basalt,P031,8/6/2024,9/2/2024,328,0,0
P100183,Basalt,P014,8/6/2024,8/22/2024,437,0,0
P100184,Basalt,P047,8/7/2024,8/29/2024,298,0,0
P100185,Basalt,P049,8/7/2024,8/21/2024,243,0,0
P100186,Ceres,P062,8/8/2024,9/1/2024,464,0,0
P100187,Apsis,P017,8/8/2024,9/8/2024,474,0,0
P100188,Apsis,P066,8/8/2024,8/19/2024,609,0,0
P100189,Apsis,P001,8/8/2024,9/11/2024,341,0,0
P100190,Apsis,P054,8/8/2024,8/22/2024,633,0,0
P100191,Ceres,P060,8/8/2024,8/19/2024,595,0,0
P100192,Apsis,P010,8/9/2024,8/28/2024,442,0,0
P100193,Ceres,P019,8/10/2024,9/10/2024,459,0,0
P100194,Basalt,P068,8/10/2024,9/17/2024,529,0,0
P100195,Ceres,P057,8/10/2024,9/12/2024,184,0,0
P100196,Ceres,P031,8/11/2024,8/22/2024,482,0,0
P100197,Ceres,P069,8/12/2024,9/10/2024,625,0,0
P100198,Apsis,P013,8/12/2024,9/3/2024,313,0,0
P100199,Basalt,P038,8/15/2024,8/28/2024,203,0,0
P100200,Basalt,P022,8/15/2024,9/1/2024,242,0,0
P100201,Basalt,P013,8/15/2024,9/18/2024,172,0,0
P100202,Ceres,P068,8/16/2024,9/2/2024,467,0,0
P100203,Basalt,P053,8/16/2024,9/22/2024,446,0,0
P100204,Basalt,P036,8/16/2024,9/3/2024,559,0,0
P100205,Basalt,P005,8/16/2024,9/8/2024,637,0,0
P100206,Apsis,P057,8/18/2024,9/6/2024,450,0,0
P100207,Ceres,P025,8/19/2024,9/6/2024,499,0,0
P100208,Basalt,P030,8/19/2024,9/11/2024,571,0,0
P100209,Basalt,P002,8/20/2024,9/19/2024,664,0,0
P100210,Ceres,P035,8/20/2024,9/24/2024,581,0,0
P100211,Ceres,P013,8/20/2024,9/26/2024,441,0,0
P100212,Basalt,P056,8/20/2024,9/21/2024,520,0,0
P100213,Basalt,P058,8/21/2024,9/9/2024,304,0,0
P100214,Apsis,P069,8/21/2024,9/12/2024,415,0,0
P100215,Ceres,P039,8/21/2024,9/7/2024,636,0,0
P100216,Ceres,P014,8/22/2024,9/22/2024,210,0,0
P100217,Apsis,P052,8/22/2024,9/18/2024,233,0,0
P100218,Ceres,P044,8/23/2024,9/28/2024,357,0,0
P100219,Apsis,P013,8/23/2024,9/5/2024,489,0,0
P100220,Ceres,P053,8/23/2024,9/12/2024,403,0,0
P100221,Apsis,P035,8/23/2024,9/15/2024,347,0,0
P100222,Apsis,P053,8/24/2024,9/22/2024,604,0,0
P100223,Ceres,P064,8/24/2024,9/16/2024,529,0,0
P100224,Ceres,P032,8/24/2024,9/9/2024,562,0,0
P100225,Apsis,P039,8/24/2024,9/24/2024,606,0,0
P100226,Apsis,P019,8/24/2024,9/4/2024,457,0,0
P100227,Basalt,P035,8/25/2024,9/11/2024,527,0,0
P100228,Basalt,P063,8/25/2024,9/10/2024,566,0,0
P100229,Ceres,P036,8/25/2024,9/15/2024,403,0,0
P100230,Apsis,P070,8/26/2024,10/2/2024,499,0,0
P100231,Basalt,P051,8/26/2024,9/24/2024,151,0,0
P100232,Ceres,P005,8/27/2024,9/8/2024,335,0,0
P100233,Basalt,P037,8/27/2024,9/13/2024,173,0,0
P100234,Apsis,P044,8/27/2024,9/20/2024,167,0,0
P100235,Basalt,P010,8/28/2024,9/10/2024,192,0,0
P100236,Ceres,P063,8/28/2024,9/25/2024,344,0,0
P100237,Apsis,P060,8/28/2024,9/7/2024,503,0,0
P100238,Ceres,P049,8/29/2024,10/2/2024,629,0,0
P100239,Apsis,P012,8/29/2024,10/3/2024,478,0,0
P100240,Basalt,P012,8/30/2024,9/14/2024,477,0,0
P100241,Basalt,P019,8/30/2024,9/25/2024,338,0,0
P100242,Apsis,P042,8/30/2024,9/17/2024,194,0,0
P100243,Basalt,P053,8/31/2024,9/25/2024,297,0,0
P100244,Apsis,P025,9/1/2024,9/27/2024,216,0,0
P100245,Ceres,P030,9/1/2024,10/8/2024,476,0,0
P100246,Basalt,P027,9/1/2024,10/1/2024,559,0,0
P100247,Ceres,P010,9/1/2024,9/13/2024,658,0,0
P100248,Apsis,P049,9/2/2024,10/1/2024,192,0,0
P100249,Basalt,P034,9/2/2024,10/2/2024,600,0,0
P100250,Ceres,P053,9/2/2024,9/12/2024,366,0,0
P100251,Ceres,P002,9/3/2024,10/6/2024,607,0,0
P100252,Basalt,P013,9/3/2024,9/13/2024,367,0,0
P100253,Ceres,P035,9/4/2024,9/25/2024,188,0,0
P100254,Ceres,P058,9/5/2024,9/27/2024,556,0,0
P100255,Apsis,P009,9/5/2024,10/8/2024,304,0,0
P100256,Basalt,P006,9/6/2024,9/23/2024,341,0,0
P100257,Basalt,P070,9/6/2024,9/20/2024,553,0,0
P100258,Apsis,P020,9/6/2024,10/13/2024,556,0,0
P100259,Basalt,P001,9/7/2024,10/14/2024,447,0,0
P100260,Ceres,P034,9/7/2024,10/14/2024,588,0,0
P100261,Basalt,P016,9/7/2024,9/17/2024,482,0,0
P100262,Basalt,P065,9/7/2024,9/23/2024,669,0,0
P100263,Basalt,P049,9/8/2024,9/24/2024,579,0,0
P100264,Ceres,P012,9/8/2024,9/22/2024,496,0,0
P100265,Apsis,P014,9/8/2024,10/12/2024,575,0,0
P100266,Apsis,P046,9/9/2024,9/19/2024,233,0,0
P100267,Ceres,P016,9/9/2024,9/25/2024,444,0,0
P100268,Basalt,P044,9/9/2024,9/19/2024,455,0,0
P100269,Apsis,P035,9/9/2024,9/23/2024,609,0,0
P100270,Ceres,P028,9/10/2024,9/25/2024,519,0,0
P100271,Basalt,P060,9/10/2024,10/16/2024,280,0,0
P100272,Apsis,P031,9/10/2024,10/6/2024,668,0,0
P100273,Basalt,P009,9/10/2024,10/1/2024,419,0,0
P100274,Apsis,P068,9/11/2024,9/25/2024,245,0,0
P100275,Ceres,P070,9/11/2024,10/6/2024,613,0,0
P100276,Basalt,P055,9/12/2024,10/16/2024,645,0,0
P100277,Apsis,P064,9/12/2024,10/13/2024,204,0,0
P100278,Apsis,P050,9/13/2024,10/1/2024,483,0,0
P100279,Ceres,P055,9/13/2024,10/6/2024,263,0,0
P100280,Basalt,P018,9/13/2024,9/23/2024,321,0,0
P100281,Basalt,P029,9/13/2024,10/16/2024,488,0,0
P100282,Ceres,P013,9/14/2024,10/6/2024,437,0,0
P100283,Basalt,P025,9/14/2024,10/6/2024,350,0,0
P100284,Apsis,P070,9/14/2024,10/20/2024,414,0,0
P100285,Ceres,P040,9/14/2024,10/14/2024,634,0,0
P100286,Basalt,P045,9/15/2024,10/10/2024,399,0,0
P100287,Apsis,P016,9/15/2024,10/12/2024,205,0,0
P100288,Ceres,P051,9/16/2024,10/4/2024,213,0,0
P100289,Basalt,P057,9/16/2024,10/15/2024,326,0,0
P100290,Apsis,P053,9/16/2024,10/15/2024,478,0,0
P100291,Ceres,P061,9/16/2024,10/14/2024,557,0,0
P100292,Apsis,P043,9/17/2024,10/21/2024,450,0,0
P100293,Ceres,P027,9/18/2024,10/20/2024,568,0,0
P100294,Basalt,P066,9/20/2024,10/9/2024,394,0,0
P100295,Basalt,P046,9/21/2024,10/16/2024,453,0,0
P100296,Apsis,P004,9/22/2024,10/15/2024,660,0,0
P100297,Ceres,P019,9/22/2024,10/24/2024,640,0,0
P100298,Ceres,P057,9/22/2024,10/7/2024,672,0,0
P100299,Ceres,P065,9/23/2024,10/27/2024,425,0,0
P100300,Apsis,P063,9/23/2024,10/3/2024,673,0,0
P100301,Ceres,P060,9/23/2024,10/3/2024,160,0,0
P100302,Basalt,P069,9/23/2024,10/8/2024,332,0,0
P100303,Basalt,P042,9/24/2024,10/10/2024,669,0,0
P100304,Basalt,P014,9/24/2024,10/29/2024,387,0,0
P100305,Basalt,P004,9/25/2024,11/2/2024,194,0,0
P100306,Basalt,P050,9/25/2024,10/23/2024,154,0,0
P100307,Basalt,P035,9/26/2024,10/24/2024,490,0,0
P100308,Ceres,P024,9/26/2024,10/10/2024,562,0,0
P100309,Ceres,P009,9/26/2024,10/19/2024,532,0,0
P100310,Basalt,P017,9/26/2024,10/10/2024,441,0,0
P100311,Apsis,P060,9/27/2024,10/16/2024,221,0,0
P100312,Apsis,P005,9/27/2024,10/20/2024,511,0,0
P100313,Ceres,P017,9/27/2024,11/4/2024,217,22,55264
P100314,Basalt,P026,9/27/2024,10/16/2024,595,0,0
P100315,Apsis,P002,9/28/2024,10/29/2024,340,0,0
P100316,Basalt,P048,9/28/2024,10/19/2024,416,0,0
P100317,Apsis,P065,9/29/2024,10/21/2024,654,0,0
P100318,Ceres,P029,9/29/2024,10/26/2024,619,0,0
P100319,Ceres,P067,9/29/2024,11/1/2024,450,0,0
P100320,Basalt,P070,9/30/2024,10/29/2024,376,0,0
P100321,Basalt,P059,9/30/2024,10/10/2024,484,0,0
P100322,Ceres,P045,9/30/2024,11/4/2024,223,0,0
P100323,Apsis,P024,9/30/2024,10/18/2024,438,0,0
P100324,Basalt,P041,9/30/2024,10/11/2024,247,0,0
P100325,Ceres,P049,10/1/2024,11/7/2024,465,0,0
P100326,Ceres,P026,10/1/2024,11/6/2024,569,0,0
P100327,Apsis,P058,10/2/2024,10/30/2024,172,0,0
P100328,Apsis,P032,10/2/2024,10/21/2024,434,0,0
P100329,Basalt,P031,10/3/2024,11/1/2024,247,0,0
P100330,Basalt,P054,10/4/2024,10/19/2024,315,0,0
P100331,Basalt,P053,10/5/2024,11/4/2024,376,0,0
P100332,Ceres,P041,10/5/2024,10/23/2024,349,0,0
P100333,Basalt,P023,10/6/2024,11/5/2024,492,0,0
P100334,Ceres,P042,10/6/2024,10/17/2024,182,0,0
P100335,Apsis,P040,10/6/2024,10/24/2024,535,0,0
P100336,Apsis,P026,10/6/2024,11/5/2024,348,0,0
P100337,Ceres,P066,10/7/2024,10/24/2024,333,0,0
P100338,Apsis,P061,10/7/2024,10/21/2024,335,0,0
P100339,Ceres,P023,10/7/2024,10/31/2024,247,0,0
P100340,Apsis,P012,10/8/2024,11/15/2024,221,0,0
P100341,Basalt,P016,10/10/2024,10/29/2024,659,0,0
P100342,Apsis,P034,10/10/2024,11/12/2024,517,0,0
P100343,Apsis,P027,10/10/2024,11/10/2024,232,0,0
P100344,Ceres,P053,10/11/2024,11/4/2024,254,20,6920
P100345,Apsis,P045,10/11/2024,11/7/2024,594,0,0
P100346,Basalt,P026,10/11/2024,11/12/2024,748,75,202350
P100347,Ceres,P050,10/11/2024,11/10/2024,159,0,0
P100348,Apsis,P009,10/12/2024,11/1/2024,615,0,0
P100349,Basalt,P027,10/12/2024,10/26/2024,171,0,0
P100350,Apsis,P050,10/12/2024,10/27/2024,596,0,0
P100351,Basalt,P034,10/12/2024,11/9/2024,155,0,0
P100352,Ceres,P048,10/12/2024,11/5/2024,508,0,0
P100353,Apsis,P055,10/13/2024,10/26/2024,467,0,0
P100354,Ceres,P033,10/13/2024,10/27/2024,610,0,0
P100355,Basalt,P064,10/13/2024,11/10/2024,268,0,0
P100356,Basalt,P024,10/13/2024,11/8/2024,502,0,0
P100357,Apsis,P023,10/14/2024,10/28/2024,266,0,0
P100358,Ceres,P069,10/14/2024,10/27/2024,433,0,0
P100359,Apsis,P069,10/14/2024,10/31/2024,577,0,0
P100360,Ceres,P056,10/14/2024,11/5/2024,263,39,2652
P100361,Ceres,P027,10/15/2024,11/18/2024,80,10,35420
P100362,Basalt,P055,10/15/2024,11/1/2024,446,54,11178
P100363,Basalt,P045,10/16/2024,11/15/2024,662,0,0
P100364,Basalt,P052,10/16/2024,11/12/2024,720,72,25560
P100365,Apsis,P049,10/16/2024,11/21/2024,342,0,0
P100366,Ceres,P003,10/17/2024,11/23/2024,478,0,0
P100367,Basalt,P012,10/18/2024,11/16/2024,479,57,14307
P100368,Basalt,P050,10/18/2024,11/12/2024,388,43,10578
P100369,Apsis,P010,10/18/2024,11/10/2024,214,26,7852
P100370,Ceres,P024,10/18/2024,11/25/2024,451,0,0
P100371,Ceres,P016,10/18/2024,11/20/2024,487,0,0
P100372,Apsis,P015,10/19/2024,11/14/2024,497,55,12870
P100373,Basalt,P020,10/20/2024,11/9/2024,266,0,0
P100374,Basalt,P011,10/21/2024,11/24/2024,212,25,8100
P100375,Ceres,P064,10/21/2024,10/31/2024,651,0,0
P100376,Apsis,P024,10/21/2024,11/19/2024,519,0,0
P100377,Apsis,P066,10/21/2024,11/21/2024,562,0,0
P100378,Apsis,P057,10/21/2024,11/8/2024,437,0,0
P100379,Apsis,P053,10/22/2024,11/29/2024,165,17,5882
P100380,Apsis,P013,10/22/2024,11/6/2024,153,17,5780
P100381,Apsis,P028,10/23/2024,11/12/2024,499,60,153360
P100382,Basalt,P024,10/24/2024,11/4/2024,678,0,0
P100383,Basalt,P066,10/25/2024,11/22/2024,584,58,5278
P100384,Ceres,P012,10/26/2024,11/26/2024,158,24,6024
P100385,Apsis,P027,10/26/2024,11/21/2024,405,45,159390
P100386,Apsis,P041,10/26/2024,11/16/2024,432,0,0
P100387,Apsis,P003,10/26/2024,12/1/2024,208,21,4704
P100388,Ceres,P035,10/26/2024,11/5/2024,225,27,3591
P100389,Basalt,P057,10/26/2024,11/29/2024,427,51,11781
P100390,Apsis,P067,10/26/2024,11/28/2024,394,0,0
P100391,Ceres,P044,10/26/2024,11/24/2024,455,0,0
P100392,Basalt,P065,10/26/2024,11/15/2024,458,0,0
P100393,Apsis,P036,10/27/2024,11/25/2024,542,0,0
P100394,Ceres,P066,10/27/2024,11/12/2024,235,19,1729
P100395,Basalt,P010,10/29/2024,11/10/2024,788,118,35636
P100396,Ceres,P070,10/29/2024,12/6/2024,594,0,0
P100397,Ceres,P014,10/30/2024,12/6/2024,440,0,0
P100398,Basalt,P040,10/30/2024,11/17/2024,550,66,125136
P100399,Basalt,P009,10/31/2024,12/8/2024,829,83,22908
P100400,Apsis,P016,10/31/2024,11/23/2024,613,0,0
P100401,Apsis,P029,10/31/2024,11/30/2024,459,60,53700
P100402,Ceres,P046,10/31/2024,12/3/2024,124,15,20475
P100403,Apsis,P048,10/31/2024,11/25/2024,587,0,0
P100404,Basalt,P041,11/1/2024,12/5/2024,408,0,0
P100405,Apsis,P014,11/1/2024,12/1/2024,596,0,0
P100406,Ceres,P010,11/1/2024,12/8/2024,163,24,7248
P100407,Ceres,P022,11/2/2024,11/29/2024,126,15,36765
P100408,Basalt,P036,11/2/2024,12/3/2024,339,0,0
P100409,Basalt,P016,11/3/2024,11/18/2024,549,0,0
P100410,Apsis,P044,11/3/2024,12/7/2024,479,0,0
P100411,Basalt,P048,11/3/2024,11/17/2024,632,0,0
P100412,Apsis,P062,11/4/2024,12/11/2024,578,0,0
P100413,Basalt,P005,11/5/2024,11/21/2024,291,29,3944
P100414,Apsis,P064,11/5/2024,11/24/2024,353,42,4746
P100415,Ceres,P037,11/5/2024,11/22/2024,146,15,38970
P100416,Basalt,P049,11/6/2024,12/11/2024,632,0,0
P100417,Ceres,P055,11/7/2024,11/28/2024,182,15,3105
P100418,Ceres,P001,11/7/2024,12/12/2024,193,10,1800
P100419,Ceres,P031,11/7/2024,12/10/2024,364,0,0
P100420,Apsis,P001,11/7/2024,11/27/2024,239,24,4320
P100421,Basalt,P043,11/7/2024,11/26/2024,291,44,54824
P100422,Basalt,P060,11/7/2024,11/18/2024,205,29,9802
P100423,Basalt,P028,11/8/2024,11/30/2024,479,53,135468
P100424,Basalt,P001,11/8/2024,12/7/2024,380,38,6840
P100425,Apsis,P008,11/8/2024,11/25/2024,449,54,4320
P100426,Basalt,P058,11/8/2024,11/25/2024,516,0,0
P100427,Basalt,P053,11/8/2024,11/29/2024,175,21,7266
P100428,Apsis,P035,11/9/2024,12/4/2024,238,36,4788
P100429,Basalt,P027,11/9/2024,11/25/2024,302,45,159390
P100430,Ceres,P016,11/9/2024,11/19/2024,508,0,0
P100431,Apsis,P021,11/10/2024,12/5/2024,414,41,81385
P100432,Apsis,P046,11/10/2024,11/22/2024,232,26,35490
P100433,Apsis,P016,11/11/2024,11/21/2024,366,0,0
P100434,Ceres,P049,11/11/2024,11/28/2024,231,28,9464
P100435,Ceres,P041,11/12/2024,12/1/2024,340,0,0
P100436,Ceres,P009,11/12/2024,11/22/2024,156,19,5244
P100437,Basalt,P014,11/12/2024,12/9/2024,583,82,23042
P100438,Apsis,P070,11/12/2024,11/28/2024,229,27,9450
P100439,Basalt,P069,11/12/2024,12/6/2024,658,72,7056
P100440,Ceres,P060,11/12/2024,12/8/2024,255,31,10478
P100441,Basalt,P002,11/12/2024,11/29/2024,651,0,0
P100442,Basalt,P062,11/12/2024,11/29/2024,510,0,0
P100443,Ceres,P018,11/13/2024,12/7/2024,275,0,0
P100444,Ceres,P025,11/13/2024,12/7/2024,287,0,0
P100445,Apsis,P031,11/14/2024,12/11/2024,343,34,7140
P100446,Basalt,P029,11/15/2024,12/22/2024,260,29,25955
P100447,Ceres,P045,11/15/2024,12/1/2024,92,10,14650
P100448,Apsis,P019,11/15/2024,12/22/2024,258,36,127512
P100449,Apsis,P042,11/16/2024,12/4/2024,132,13,20306
P100450,Apsis,P018,11/16/2024,12/1/2024,259,0,0
P100451,Ceres,P065,11/16/2024,12/7/2024,157,13,1430
P100452,Ceres,P034,11/17/2024,12/25/2024,219,33,7623
P100453,Apsis,P056,11/17/2024,11/27/2024,190,23,1564
P100454,Ceres,P038,11/17/2024,11/27/2024,167,23,105455
P100455,Ceres,P058,11/17/2024,12/24/2024,182,24,2304
P100456,Apsis,P041,11/17/2024,12/24/2024,280,28,47180
P100457,Ceres,P004,11/17/2024,12/14/2024,144,12,1668
P100458,Apsis,P060,11/18/2024,12/10/2024,342,55,18590
P100459,Basalt,P013,11/18/2024,11/29/2024,505,61,20740
P100460,Basalt,P018,11/19/2024,12/27/2024,542,0,0
P100461,Ceres,P018,11/20/2024,12/27/2024,175,21,62034
P100462,Basalt,P039,11/20/2024,12/21/2024,828,83,127986
P100463,Ceres,P052,11/20/2024,12/2/2024,129,15,5325
P100464,Apsis,P004,11/20/2024,12/22/2024,110,11,1529
P100465,Ceres,P047,11/20/2024,12/16/2024,182,27,6588
P100466,Apsis,P055,11/21/2024,12/9/2024,225,23,4761
P100467,Basalt,P008,11/21/2024,12/2/2024,197,30,2400
P100468,Basalt,P032,11/22/2024,12/2/2024,640,77,27643
P100469,Ceres,P007,11/22/2024,12/23/2024,193,23,7383
P100470,Basalt,P016,11/23/2024,12/7/2024,463,0,0
P100471,Basalt,P063,11/24/2024,12/22/2024,247,27,7938
P100472,Apsis,P038,11/25/2024,12/26/2024,405,61,279685
P100473,Basalt,P042,11/25/2024,1/2/2025,376,38,59356
P100474,Basalt,P044,11/26/2024,12/8/2024,442,0,0
P100475,Apsis,P022,11/26/2024,12/21/2024,233,33,80883
P100476,Ceres,P044,11/26/2024,12/7/2024,544,0,0
P100477,Ceres,P002,11/27/2024,12/30/2024,401,0,0
P100478,Ceres,P014,11/27/2024,12/31/2024,228,27,7587
P100479,Ceres,P059,11/27/2024,12/13/2024,102,8,1384
P100480,Ceres,P001,11/27/2024,12/29/2024,245,37,6660
P100481,Ceres,P057,11/28/2024,1/3/2025,226,32,7392
P100482,Apsis,P051,11/28/2024,12/15/2024,480,48,10944
P100483,Ceres,P008,11/28/2024,12/17/2024,185,28,2240
P100484,Ceres,P016,11/29/2024,12/16/2024,417,0,0
P100485,Ceres,P020,11/29/2024,1/6/2025,673,0,0
P100486,Ceres,P026,11/29/2024,1/5/2025,134,16,43168
P100487,Ceres,P062,11/30/2024,12/14/2024,84,7,714
P100488,Basalt,P022,11/30/2024,12/24/2024,212,32,78432
P100489,Basalt,P004,12/1/2024,12/28/2024,829,99,13761
P100490,Ceres,P036,12/1/2024,12/28/2024,570,0,0
P100491,Ceres,P050,12/1/2024,12/13/2024,162,23,5658
P100492,Ceres,P040,12/1/2024,12/27/2024,253,28,53088
P100493,Apsis,P036,12/2/2024,1/4/2025,132,13,1885
P100494,Basalt,P070,12/2/2024,1/7/2025,467,51,17850
P100495,Ceres,P039,12/2/2024,12/20/2024,182,18,27756
P100496,Apsis,P020,12/2/2024,12/20/2024,434,52,109824
P100497,Apsis,P034,12/3/2024,12/29/2024,209,25,5775
P100498,Basalt,P067,12/4/2024,1/2/2025,518,0,0
P100499,Apsis,P033,12/4/2024,1/10/2025,329,49,41748
P100500,Apsis,P045,12/4/2024,12/23/2024,459,64,93760
P100501,Apsis,P025,12/4/2024,1/9/2025,114,11,16973
P100502,Apsis,P018,12/4/2024,12/16/2024,390,47,138838
P100503,Ceres,P063,12/5/2024,12/17/2024,184,22,6468
P100504,Ceres,P006,12/6/2024,12/26/2024,132,13,4147
P100505,Basalt,P035,12/6/2024,1/6/2025,309,31,4123
P100506,Apsis,P065,12/6/2024,1/2/2025,234,21,2310
P100507,Basalt,P045,12/7/2024,12/17/2024,306,46,67390
P100508,Apsis,P007,12/8/2024,12/20/2024,253,38,12198
P100509,Basalt,P015,12/8/2024,12/25/2024,590,83,19422
P100510,Apsis,P030,12/8/2024,1/14/2025,391,47,9118
P100511,Apsis,P058,12/8/2024,12/27/2024,420,67,6432
P100512,Apsis,P016,12/9/2024,12/28/2024,576,0,0
P100513,Ceres,P067,12/10/2024,12/20/2024,118,9,2160
P100514,Apsis,P047,12/10/2024,12/20/2024,102,16,3904
P100515,Ceres,P048,12/11/2024,12/22/2024,304,0,0
P100516,Basalt,P003,12/11/2024,12/21/2024,331,50,11200
P100517,Ceres,P024,12/11/2024,1/1/2025,262,29,54955
P100518,Apsis,P002,12/12/2024,1/10/2025,215,22,1408
P100519,Ceres,P070,12/13/2024,1/8/2025,79,9,3150
P100520,Basalt,P020,12/14/2024,1/4/2025,220,24,50688
P100521,Apsis,P024,12/14/2024,1/12/2025,155,0,0
P100522,Basalt,P016,12/14/2024,1/5/2025,224,34,2856
P100523,Ceres,P032,12/14/2024,1/14/2025,182,22,7898
P100524,Apsis,P044,12/15/2024,12/27/2024,359,57,151563
P100525,Ceres,P016,12/16/2024,12/28/2024,295,38,3192
P100526,Apsis,P057,12/16/2024,1/1/2025,201,26,6006
P100527,Basalt,P034,12/16/2024,1/17/2025,247,35,8085
P100528,Apsis,P037,12/17/2024,1/3/2025,184,22,57156
P100529,Apsis,P048,12/19/2024,1/25/2025,174,26,5382
P100530,Apsis,P009,12/20/2024,1/12/2025,132,15,4140
P100531,Basalt,P044,12/20/2024,1/6/2025,237,33,87747
P100532,Apsis,P059,12/20/2024,1/12/2025,337,40,6920
P100533,Ceres,P003,12/20/2024,1/4/2025,212,25,5600
P100534,Apsis,P049,12/21/2024,1/26/2025,129,18,6084
P100535,Basalt,P048,12/21/2024,1/18/2025,609,85,17595
P100536,Basalt,P002,12/22/2024,1/5/2025,177,18,1152
P100537,Basalt,P036,12/23/2024,1/27/2025,201,24,3480
P100538,Basalt,P065,12/23/2024,1/28/2025,263,21,2310
P100539,Basalt,P041,12/23/2024,1/23/2025,640,70,117950
P100540,Basalt,P061,12/24/2024,1/3/2025,706,85,8415
P100541,Apsis,P006,12/24/2024,1/16/2025,206,31,9889
P100542,Apsis,P067,12/25/2024,1/13/2025,204,20,4800
P100543,Apsis,P062,12/25/2024,1/15/2025,386,58,5916
P100544,Basalt,P067,12/25/2024,1/19/2025,412,45,10800
P100545,Ceres,P061,12/26/2024,1/9/2025,231,32,3168
P100546,Basalt,P030,12/26/2024,1/13/2025,830,125,24250
P100547,Apsis,P050,12/26/2024,1/22/2025,149,22,5412
P100548,Basalt,P046,12/26/2024,1/22/2025,677,68,92820
P100549,Ceres,P041,12/27/2024,1/9/2025,284,40,67400
P100550,Basalt,P023,12/27/2024,1/28/2025,532,59,170982
P100551,Ceres,P048,12/28/2024,1/21/2025,267,32,6624
P100552,Basalt,P050,12/28/2024,2/3/2025,680,0,0
P100553,Apsis,P052,12/28/2024,1/28/2025,274,41,14555
P100554,Apsis,P066,12/29/2024,1/30/2025,223,25,2275
P100555,Basalt,P031,12/29/2024,1/14/2025,450,45,9450
P100556,Basalt,P058,12/29/2024,1/9/2025,728,87,8352
P100557,Ceres,P044,12/31/2024,1/20/2025,254,28,74452
P100558,Basalt,P025,12/31/2024,2/5/2025,445,0,0
P100559,Ceres,P025,12/31/2024,1/23/2025,232,26,40118
